Lower tier local authority code,Lower tier local authority label,Aged 4 years and under,Aged 5 to 9 years,Aged 10 to 14 years,Aged 15 to 19 years,Aged 20 to 24 years,Aged 25 to 29 years,Aged 30 to 34 years,Aged 35 to 39 years,Aged 40 to 44 years,Aged 45 to 49 years,Aged 50 to 54 years,Aged 55 to 59 years,Aged 60 to 64 years,Aged 65 to 69 years,Aged 70 to 74 years,Aged 75 to 79 years,Aged 80 to 84 years,Aged 85 years and over
E06000001 ,Hartlepool,"4,982","5,582","5,920","5,180","5,110","5,495","5,884","5,463","5,065","5,417","6,577","7,132","6,297","5,247","5,084","3,222","2,463","2,217"
E06000002 ,Middlesbrough,"8,928","9,795","9,465","8,571","10,171","10,322","10,320","9,377","8,042","7,930","8,736","9,369","8,720","7,208","6,464","4,300","3,236","2,972"
E06000003 ,Redcar and Cleveland,"6,814","7,874","7,993","7,124","6,575","7,461","7,909","7,604","7,251","7,949","10,012","10,656","9,564","8,497","8,675","6,341","4,479","3,755"
E06000004 ,Stockton-on-Tees,"10,733","12,429","13,021","10,617","9,689","11,918","13,135","13,052","11,966","12,175","13,932","14,010","12,734","10,793","10,253","6,872","4,954","4,312"
E06000005 ,Darlington,"5,496","6,330","6,626","5,785","5,426","6,379","6,968","6,562","6,642","6,918","7,770","7,855","7,004","5,958","5,980","4,149","3,121","2,832"
E06000006 ,Halton,"6,954","7,894","8,061","7,152","6,704","7,963","8,515","8,541","7,992","8,328","9,086","9,145","8,184","7,254","7,104","4,294","2,867","2,441"
E06000007 ,Warrington,"10,631","12,363","12,819","11,130","10,502","12,510","13,929","14,201","13,655","14,319","16,074","15,881","12,804","10,719","10,723","8,206","5,808","4,703"
E06000008 ,Blackburn with Darwen,"10,056","11,162","11,733","10,857","9,451","10,063","10,643","10,792","10,022","9,887","10,303","9,360","8,006","6,680","6,203","4,086","2,848","2,586"
E06000009 ,Blackpool,"7,360","7,905","7,864","7,390","7,446","8,572","9,499","8,523","7,718","8,618","10,539","10,993","9,418","7,674","7,867","5,821","4,140","3,689"
E06000010 ,Kingston upon Hull,"15,954","17,343","16,735","15,484","19,426","20,220","20,818","18,707","15,802","16,304","17,253","17,217","14,926","12,220","11,382","7,095","5,233","4,894"
E06000011 ,East Riding of Yorkshire,"14,687","17,369","18,398","16,782","14,437","16,830","18,010","18,027","18,003","21,530","25,589","27,138","24,920","23,083","25,349","17,942","12,658","11,463"
E06000012 ,North East Lincolnshire,"8,455","9,516","9,572","8,404","7,968","9,316","10,411","9,516","8,416","9,458","11,077","11,803","10,218","8,749","8,856","6,222","4,660","4,349"
E06000013 ,North Lincolnshire,"8,445","9,648","10,116","8,901","8,123","9,682","10,627","10,287","9,282","10,378","12,515","12,989","11,410","10,025","10,226","7,297","5,006","4,724"
E06000014 ,York,"8,615","9,902","10,321","15,216","20,355","12,971","12,874","12,552","11,872","11,932","13,260","12,962","11,256","9,783","10,482","7,465","5,522","5,481"
E06000015 ,Derby,"15,220","16,899","16,978","16,350","18,528","18,430","18,304","18,232","16,494","16,417","17,240","16,150","13,336","11,313","11,122","8,123","6,138","6,089"
E06000016 ,Leicester,"22,302","24,808","25,622","28,332","36,112","27,286","27,498","27,245","24,690","22,538","21,893","19,473","17,271","13,975","11,290","7,324","5,520","5,392"
E06000017 ,Rutland,"1,642","1,972","2,540","2,761","1,850","2,136","2,184","2,213","2,344","2,452","2,965","2,904","2,700","2,497","2,835","2,129","1,469","1,454"
E06000018 ,Nottingham,"17,819","19,249","18,808","31,692","43,635","24,275","24,213","21,188","18,369","17,600","17,860","17,031","13,927","10,884","9,801","6,864","5,115","5,301"
E06000019 ,Herefordshire,"8,429","9,508","10,090","9,064","8,175","9,652","10,534","10,254","9,807","11,226","13,619","14,580","13,623","12,481","13,014","9,735","6,696","6,546"
E06000020 ,Telford and Wrekin,"10,562","11,869","12,142","10,893","10,971","11,809","12,721","12,107","11,203","12,081","13,476","12,600","10,390","9,209","9,104","6,538","4,288","3,579"
E06000021 ,Stoke-on-Trent,"15,625","16,989","16,831","15,115","16,947","17,144","19,079","17,615","15,470","15,616","16,938","16,340","14,396","12,332","11,923","8,676","6,002","5,331"
E06000022 ,Bath and North East Somerset,"9,019","10,046","10,647","14,772","18,549","11,461","11,715","10,893","10,781","11,731","12,708","12,754","10,810","9,421","9,846","7,385","5,338","5,532"
E06000023 ,Bristol,"25,942","26,764","25,574","29,621","47,538","44,399","43,857","37,767","31,241","27,070","26,354","25,043","20,538","16,891","15,979","11,315","8,166","8,409"
E06000024 ,North Somerset,"10,662","12,250","12,827","10,834","9,784","10,795","12,330","13,074","13,410","14,128","15,490","15,773","13,501","12,528","13,947","10,752","7,289","7,356"
E06000025 ,South Gloucestershire,"16,119","17,128","16,727","16,199","18,099","19,420","20,465","19,682","18,070","18,060","20,311","19,862","16,088","13,509","14,059","11,333","7,756","7,537"
E06000026 ,Plymouth,"13,205","15,124","15,035","15,919","21,172","17,938","18,395","17,369","15,577","15,774","17,618","17,316","15,283","12,891","13,169","9,734","6,692","6,484"
E06000027 ,Torbay,"6,059","7,312","7,501","6,724","6,214","7,129","7,611","7,315","7,220","8,203","10,271","10,706","9,872","9,204","10,021","7,554","5,134","5,274"
E06000030 ,Swindon,"13,626","15,156","14,764","12,283","12,028","15,286","17,351","17,318","16,278","16,356","16,782","16,011","13,103","10,559","9,838","6,981","4,874","4,817"
E06000031 ,Peterborough,"14,163","15,730","15,502","12,541","11,679","15,326","17,299","17,249","15,292","13,850","13,700","12,351","10,403","8,625","8,118","5,686","4,105","4,055"
E06000032 ,Luton,"15,960","16,731","16,744","15,072","15,583","16,515","17,856","17,663","16,513","14,090","13,828","12,381","9,959","7,773","6,383","4,769","3,836","3,605"
E06000033 ,Southend-on-Sea,"10,242","10,899","11,154","9,182","9,356","11,223","11,935","12,195","12,163","12,323","12,538","12,496","10,419","8,816","9,207","6,842","4,718","4,978"
E06000034 ,Thurrock,"12,261","12,664","12,401","10,458","9,529","11,795","14,103","13,849","12,475","11,648","11,832","10,759","8,373","6,712","6,821","4,413","3,072","2,836"
E06000035 ,Medway,"17,308","18,336","18,020","16,227","15,937","18,341","20,368","19,477","18,466","17,654","19,146","18,774","15,665","12,928","13,007","8,934","6,025","5,163"
E06000036 ,Bracknell Forest,"7,119","7,859","8,081","7,071","6,377","8,200","9,314","9,400","9,155","8,801","9,049","8,361","6,945","5,527","5,027","3,536","2,413","2,372"
E06000037 ,West Berkshire,"8,310","9,701","10,644","9,141","7,356","8,686","9,632","10,067","10,534","11,549","12,596","11,749","9,970","8,470","8,583","6,314","4,171","3,974"
E06000038 ,Reading,"10,238","10,486","10,247","10,986","14,690","14,572","15,640","14,592","12,818","11,313","10,741","9,493","7,430","5,844","5,302","4,006","2,931","2,895"
E06000039 ,Slough,"11,772","12,690","12,823","9,919","8,949","10,656","12,853","14,492","13,753","11,089","9,603","7,944","6,637","5,118","3,822","2,492","1,979","1,909"
E06000040 ,Windsor and Maidenhead,"8,021","9,226","10,486","8,981","6,767","7,981","9,306","10,390","11,230","11,456","11,709","10,796","8,828","7,198","7,319","5,547","4,025","4,232"
E06000041 ,Wokingham,"9,852","12,189","12,463","10,096","8,239","9,449","10,676","12,472","13,862","13,336","12,600","11,923","9,794","7,811","8,052","6,090","4,269","4,325"
E06000042 ,Milton Keynes,"17,733","20,264","20,615","16,353","14,990","19,041","22,003","23,020","22,402","20,178","19,300","17,087","14,489","12,226","11,176","7,247","4,648","4,289"
E06000043 ,Brighton and Hove,"11,751","13,051","14,179","17,763","27,920","20,960","20,510","19,453","19,255","20,378","20,891","18,385","13,631","10,915","10,272","7,113","5,129","5,547"
E06000044 ,Portsmouth,"11,280","12,127","11,655","14,494","20,042","15,368","15,957","14,909","12,553","12,159","13,346","12,803","10,520","8,343","8,204","5,883","4,136","4,224"
E06000045 ,Southampton,"13,796","14,453","13,835","16,752","26,139","20,718","20,165","18,333","16,404","14,607","14,008","13,776","11,686","9,615","8,994","6,639","4,428","4,573"
E06000046 ,Isle of Wight,"5,552","6,863","7,049","6,390","5,960","6,695","7,222","6,882","7,013","7,901","10,263","11,114","10,536","10,450","11,233","8,662","5,356","5,318"
E06000047 ,County Durham,"24,752","28,357","29,501","31,231","33,054","29,206","30,679","30,620","29,185","31,631","37,933","39,456","35,128","31,040","30,716","21,730","15,059","12,793"
E06000049 ,Cheshire East,"19,930","22,095","22,881","19,700","17,620","21,741","24,345","24,534","23,873","26,433","30,278","30,470","25,649","22,335","24,352","18,033","12,443","12,064"
E06000050 ,Cheshire West and Chester,"17,618","19,846","20,355","18,728","19,681","21,236","22,467","22,351","20,863","22,935","26,045","26,572","22,705","19,824","20,557","14,978","10,661","9,727"
E06000051 ,Shropshire,"14,422","16,249","17,247","16,916","15,125","16,870","17,952","17,263","16,685","19,977","24,309","25,538","22,966","20,817","21,948","17,012","11,486","10,825"
E06000052 ,Cornwall,"25,532","30,256","31,215","29,259","28,610","28,490","31,508","30,908","31,328","34,762","40,713","43,104","40,481","37,388","40,401","29,440","18,767","18,140"
E06000053 ,Isles of Scilly,96,107,105,43,81,109,107,132,139,106,156,170,124,123,154,127,96,80
E06000054 ,Wiltshire,"25,629","29,544","30,312","27,336","24,238","28,557","30,966","30,580","29,589","33,420","37,589","37,991","33,055","28,789","29,911","22,406","15,274","15,147"
E06000055 ,Bedford,"11,163","11,742","11,975","10,319","9,999","11,884","13,550","13,312","12,954","12,267","13,035","12,036","9,971","8,379","8,337","5,867","4,170","4,271"
E06000056 ,Central Bedfordshire,"17,805","18,521","17,858","14,778","13,986","17,957","21,202","20,772","19,509","19,365","21,072","20,963","17,516","14,413","14,691","10,579","6,961","6,303"
E06000057 ,Northumberland,"14,235","16,686","17,410","15,678","13,905","15,927","16,936","17,408","17,417","19,670","23,213","25,775","24,758","22,585","22,975","15,812","10,593","9,585"
E06000058 ,"Bournemouth, Christchurch and Poole","18,878","21,212","21,342","22,257","26,928","23,844","26,161","26,224","25,414","24,724","26,856","26,526","23,406","20,818","22,596","17,095","12,204","13,713"
E06000059 ,Dorset,"15,024","18,162","20,335","19,141","15,299","16,754","18,330","18,327","18,792","21,659","26,915","29,764","28,801","27,017","30,417","22,891","15,737","16,214"
E06000060 ,Buckinghamshire,"30,888","35,155","36,807","30,807","25,646","30,240","34,166","36,379","38,209","38,481","40,665","39,261","32,662","26,839","27,061","20,389","14,691","14,732"
E06000061 ,North Northamptonshire,"20,206","22,459","23,236","19,761","17,787","22,365","24,865","24,375","23,328","23,942","26,461","24,910","20,473","18,016","18,393","13,071","8,256","7,621"
E06000062 ,West Northamptonshire,"23,965","26,379","26,866","23,844","24,155","27,343","30,790","29,730","28,518","28,796","30,242","28,893","23,528","19,761","20,499","14,344","9,286","8,786"
E07000008 ,Cambridge,"6,347","6,702","6,645","11,529","20,309","16,272","13,548","10,509","9,142","8,008","7,794","6,922","5,335","4,557","4,140","3,116","2,371","2,430"
E07000009 ,East Cambridgeshire,"4,519","5,271","5,526","4,447","3,663","4,714","5,456","5,817","5,921","6,252","6,457","6,160","5,340","4,712","4,984","3,568","2,508","2,447"
E07000010 ,Fenland,"5,169","5,759","5,608","5,023","5,116","6,166","6,538","6,184","5,718","6,222","7,423","7,525","6,607","6,166","6,314","4,719","3,172","3,030"
E07000011 ,Huntingdonshire,"9,660","10,609","10,388","8,850","8,505","10,652","12,184","12,115","11,547","12,169","13,250","13,130","11,234","9,572","10,244","7,517","4,947","4,258"
E07000012 ,South Cambridgeshire,"8,772","10,382","10,635","8,692","6,289","8,321","10,107","11,080","11,838","11,902","11,826","11,170","9,299","8,083","8,504","6,390","4,423","4,404"
E07000026 ,Allerdale,"4,341","4,885","5,434","4,603","4,385","5,145","5,182","5,204","5,025","5,823","7,620","7,604","7,092","6,299","6,699","4,532","3,259","3,020"
E07000027 ,Barrow-in-Furness,"3,486","3,674","3,676","3,508","3,663","4,446","4,377","4,003","3,501","4,022","5,015","5,080","4,410","3,823","4,060","2,958","2,073","1,632"
E07000028 ,Carlisle,"5,377","6,097","6,040","5,603","5,802","6,845","6,891","6,832","6,152","6,773","7,815","8,267","7,652","6,468","6,532","4,505","3,266","3,108"
E07000029 ,Copeland,"3,131","3,614","3,604","3,235","3,189","3,824","3,891","3,772","3,469","4,072","5,032","5,646","5,069","4,309","4,374","3,000","2,114","1,733"
E07000030 ,Eden,"2,150","2,577","2,789","2,593","2,336","2,585","2,789","2,771","2,829","3,361","4,403","4,772","4,376","3,867","3,973","2,804","1,983","1,775"
E07000031 ,South Lakeland,"3,917","4,450","5,238","5,223","4,229","4,919","5,278","5,372","5,354","6,367","7,970","8,647","8,130","7,224","8,026","5,951","4,126","4,030"
E07000032 ,Amber Valley,"6,073","6,712","7,045","6,041","6,050","7,227","7,518","7,237","7,175","8,433","9,928","9,852","8,440","7,493","8,161","5,880","3,665","3,278"
E07000033 ,Bolsover,"4,102","4,492","4,474","3,922","4,176","5,296","5,368","4,954","4,353","5,202","6,396","6,054","5,274","4,390","4,445","3,478","2,083","1,817"
E07000034 ,Chesterfield,"5,080","5,608","5,802","4,917","5,312","6,569","6,494","6,124","6,039","6,700","7,699","7,929","6,912","6,046","6,030","4,481","2,992","2,835"
E07000035 ,Derbyshire Dales,"2,636","3,304","3,776","3,511","2,773","2,971","3,159","3,208","3,673","4,647","5,881","6,336","5,644","5,106","5,535","4,104","2,707","2,568"
E07000036 ,Erewash,"5,493","6,376","6,313","5,690","5,744","6,980","7,561","6,970","6,542","7,430","8,757","8,531","7,033","6,066","6,422","4,833","3,203","2,962"
E07000037 ,High Peak,"4,329","4,804","5,157","4,448","4,196","4,810","5,363","5,282","5,201","5,907","7,364","7,576","6,654","5,513","5,580","3,996","2,544","2,206"
E07000038 ,North East Derbyshire,"4,839","5,383","5,480","4,824","4,574","5,628","5,707","5,590","5,602","6,347","7,741","7,824","7,132","6,438","6,878","5,468","3,557","2,990"
E07000039 ,South Derbyshire,"5,762","6,445","6,677","5,721","5,198","6,895","7,154","6,917","6,675","7,329","8,405","7,757","6,332","5,677","5,582","3,993","2,438","2,247"
E07000040 ,East Devon,"6,491","7,707","7,743","7,089","6,193","6,892","7,425","7,580","7,681","8,766","10,513","10,940","10,581","10,343","11,905","9,363","6,566","7,046"
E07000041 ,Exeter,"5,884","6,201","6,118","11,766","16,349","8,958","9,032","8,460","7,431","7,277","7,778","7,372","6,357","5,495","5,683","4,199","3,130","3,219"
E07000042 ,Mid Devon,"4,022","4,585","5,040","4,419","3,596","4,129","4,481","4,732","4,620","5,142","6,189","6,356","5,654","5,183","5,416","4,019","2,644","2,625"
E07000043 ,North Devon,"4,512","5,226","5,622","4,984","4,237","5,042","5,379","5,089","5,284","5,917","7,110","7,638","7,117","6,296","6,926","5,297","3,440","3,495"
E07000044 ,South Hams,"3,529","4,441","4,760","4,260","3,340","3,714","4,299","4,390","4,538","5,232","6,536","7,361","7,146","6,502","6,998","5,029","3,250","3,302"
E07000045 ,Teignbridge,"5,906","6,891","7,170","6,300","5,586","6,456","7,188","7,209","7,143","8,075","9,770","10,826","9,849","9,319","9,871","7,500","4,788","4,955"
E07000046 ,Torridge,"2,803","3,493","3,559","3,163","2,779","3,110","3,397","3,185","3,308","3,967","5,070","5,510","5,448","5,053","5,445","3,955","2,451","2,418"
E07000047 ,West Devon,"2,196","2,750","3,147","2,896","2,118","2,422","2,646","2,776","2,836","3,392","4,274","4,901","4,472","4,150","4,464","3,343","2,182","2,131"
E07000061 ,Eastbourne,"4,717","5,529","5,783","5,339","5,225","5,639","6,102","5,945","5,874","6,243","6,900","7,113","6,357","5,789","6,529","4,876","3,680","4,045"
E07000062 ,Hastings,"4,821","5,165","5,290","4,672","4,482","5,361","6,011","5,666","5,497","5,901","6,979","6,886","5,846","5,195","5,139","3,492","2,314","2,279"
E07000063 ,Lewes,"4,541","5,312","5,747","5,188","4,139","4,278","5,232","5,402","5,612","6,345","7,410","7,487","6,752","6,397","6,996","5,270","3,743","4,058"
E07000064 ,Rother,"3,732","4,229","4,761","4,297","3,752","3,927","4,119","3,988","4,182","5,060","6,516","7,348","7,008","6,866","8,321","6,250","4,256","4,501"
E07000065 ,Wealden,"7,181","8,465","9,039","8,080","6,665","7,384","8,009","8,025","8,423","10,008","12,109","12,734","11,540","10,353","11,541","8,914","5,821","5,859"
E07000066 ,Basildon,"12,196","12,480","12,025","10,194","9,639","12,264","13,991","13,146","12,057","11,902","13,034","12,290","10,456","8,365","8,783","6,154","4,348","4,247"
E07000067 ,Braintree,"8,453","8,981","9,378","8,181","7,535","9,162","9,933","9,651","9,453","10,511","11,860","11,073","9,350","8,385","9,017","6,349","4,146","3,854"
E07000068 ,Brentwood,"4,280","4,577","4,461","3,927","3,635","4,708","5,160","5,026","4,989","5,041","5,567","5,631","4,511","3,792","3,972","2,931","2,237","2,603"
E07000069 ,Castle Point,"4,313","4,836","5,063","4,607","4,546","4,836","4,989","5,007","4,893","5,368","6,434","6,413","5,683","5,261","6,436","4,831","3,231","2,840"
E07000070 ,Chelmsford,"9,881","10,792","10,953","9,770","9,107","11,513","12,326","12,294","12,147","12,449","12,896","12,068","10,170","8,779","9,655","7,003","4,885","4,835"
E07000071 ,Colchester,"10,833","11,793","11,613","11,261","13,877","12,571","13,512","12,905","12,578","12,414","13,030","11,994","10,022","8,591","9,704","6,932","4,567","4,518"
E07000072 ,Epping Forest,"7,921","7,687","7,901","7,031","6,842","7,576","8,858","8,996","9,089","8,902","9,965","9,844","8,101","6,737","6,991","5,171","3,602","3,766"
E07000073 ,Harlow,"6,251","6,564","6,338","5,060","4,896","6,437","7,742","7,447","6,502","5,627","6,030","5,845","4,975","4,026","3,406","2,439","1,800","1,943"
E07000074 ,Maldon,"3,042","3,418","3,630","3,378","3,129","3,353","3,384","3,377","3,444","4,184","5,295","5,221","4,801","4,181","4,684","3,418","2,245","2,024"
E07000075 ,Rochford,"4,258","4,614","5,142","4,453","4,197","4,473","4,668","4,887","5,029","5,572","6,558","6,344","5,467","4,749","5,544","4,112","2,836","2,758"
E07000076 ,Tendring,"6,690","7,527","7,763","6,884","6,767","7,236","7,560","6,901","6,973","8,147","10,105","11,107","10,762","10,321","12,079","9,230","6,239","6,005"
E07000077 ,Uttlesford,"5,026","5,715","5,914","5,000","3,914","4,396","5,160","5,747","5,982","6,308","7,073","6,831","5,846","4,821","4,983","3,676","2,387","2,562"
E07000078 ,Cheltenham,"5,857","6,378","6,901","6,693","7,895","8,134","8,310","8,205","7,582","7,427","7,896","8,031","6,641","5,624","5,824","4,427","3,337","3,671"
E07000079 ,Cotswold,"4,015","4,615","4,966","4,384","3,964","4,010","4,566","4,876","5,094","5,902","6,872","7,413","6,489","6,008","6,312","4,827","3,257","3,262"
E07000080 ,Forest of Dean,"3,977","4,452","4,647","5,071","4,019","4,392","4,817","4,547","4,332","5,190","6,555","6,951","6,245","5,786","6,034","4,450","2,939","2,600"
E07000081 ,Gloucester,"7,459","8,331","8,170","7,630","8,486","8,879","9,807","9,167","8,352","8,229","9,196","9,007","7,585","5,942","5,720","4,466","3,009","2,981"
E07000082 ,Stroud,"5,643","6,658","7,255","6,286","5,015","6,074","6,536","6,740","7,095","8,220","9,489","9,382","8,482","7,409","7,745","5,559","3,766","3,749"
E07000083 ,Tewkesbury,"5,314","5,753","5,507","4,505","4,106","5,253","6,194","5,967","5,782","5,875","6,677","6,918","5,922","5,391","5,630","4,312","3,037","2,744"
E07000084 ,Basingstoke and Deane,"10,555","11,550","11,224","9,089","9,233","11,924","13,722","13,201","12,677","12,935","13,695","12,958","10,377","8,519","8,939","6,384","4,308","3,862"
E07000085 ,East Hampshire,"6,007","6,945","7,498","6,769","5,406","6,186","6,762","6,970","7,520","8,405","9,630","9,859","8,722","7,301","7,731","5,870","4,112","4,046"
E07000086 ,Eastleigh,"7,591","8,529","8,417","6,910","6,415","8,330","9,505","9,274","9,027","8,831","9,533","9,340","8,109","6,949","7,068","5,148","3,769","3,695"
E07000087 ,Fareham,"5,158","6,206","6,349","5,593","5,245","5,554","6,678","6,632","6,536","7,187","8,412","8,941","7,920","6,625","7,439","5,769","4,051","4,216"
E07000088 ,Gosport,"4,241","4,679","4,925","4,211","4,250","4,890","5,185","5,107","4,685","4,975","5,835","6,031","5,428","4,517","4,846","3,456","2,343","2,351"
E07000089 ,Hart,"5,159","6,268","6,417","5,702","4,420","5,137","5,778","6,322","6,732","7,454","7,451","7,223","5,771","4,712","5,197","4,113","2,887","2,665"
E07000090 ,Havant,"6,126","6,900","6,989","6,243","5,944","6,789","7,480","7,104","6,455","7,107","8,831","9,357","8,667","7,482","7,916","6,070","4,337","4,413"
E07000091 ,New Forest,"7,235","8,645","9,393","8,265","7,056","7,737","8,468","8,646","9,025","10,209","12,644","14,020","12,797","12,163","13,533","10,382","7,451","8,116"
E07000092 ,Rushmoor,"6,196","6,094","5,556","5,073","5,593","7,630","8,768","7,753","6,877","6,514","6,953","6,587","5,033","4,056","4,217","3,067","2,047","1,742"
E07000093 ,Test Valley,"6,940","7,803","7,604","6,351","5,701","7,325","8,272","8,230","8,217","8,838","9,734","9,642","8,164","6,863","7,580","5,688","3,799","3,741"
E07000094 ,Winchester,"6,043","7,332","7,742","9,213","8,167","6,324","6,836","7,292","7,889","8,409","8,994","8,956","7,668","6,478","6,932","5,362","3,775","4,033"
E07000095 ,Broxbourne,"5,945","6,169","6,282","5,486","5,192","6,085","7,004","7,116","6,688","6,438","7,145","6,759","5,459","4,312","4,503","3,397","2,549","2,479"
E07000096 ,Dacorum,"9,581","9,929","9,968","8,039","7,104","9,110","10,864","11,101","11,030","10,731","10,847","10,735","9,076","7,269","7,026","5,022","3,638","4,011"
E07000098 ,Hertsmere,"6,297","6,850","7,096","6,111","5,444","6,159","6,754","7,644","7,810","7,505","7,563","7,460","5,995","4,869","4,972","3,671","2,657","2,970"
E07000099 ,North Hertfordshire,"7,469","8,237","8,269","6,655","5,837","7,631","8,677","9,014","9,400","9,531","9,470","9,428","7,762","6,544","6,748","5,011","3,663","3,865"
E07000102 ,Three Rivers,"5,120","5,972","6,458","5,338","4,417","4,827","5,463","6,290","6,902","6,926","6,925","6,745","5,420","4,430","4,463","3,288","2,265","2,521"
E07000103 ,Watford,"6,528","6,836","6,711","5,541","5,332","7,697","8,819","8,974","8,342","7,309","6,798","5,834","4,634","3,614","3,274","2,433","1,768","1,799"
E07000105 ,Ashford,"7,608","8,315","8,560","7,306","6,471","7,955","8,852","8,338","8,167","8,484","9,954","9,291","7,449","6,654","7,238","5,401","3,505","3,199"
E07000106 ,Canterbury,"6,823","7,748","8,359","12,600","15,788","8,665","8,414","8,335","8,236","8,989","9,878","10,217","9,128","8,534","9,382","6,906","4,732","4,696"
E07000107 ,Dartford,"8,282","8,268","8,031","6,228","5,630","7,922","9,861","9,629","8,743","7,838","7,655","7,063","5,565","4,350","4,252","2,971","2,251","2,214"
E07000108 ,Dover,"5,669","6,494","6,779","5,969","5,408","6,547","6,876","6,633","6,328","6,734","8,123","8,829","8,121","7,382","7,673","5,673","3,732","3,439"
E07000109 ,Gravesham,"6,600","7,155","7,140","6,148","5,666","6,528","7,620","7,532","6,931","6,827","7,460","7,137","5,742","4,832","4,877","3,587","2,628","2,490"
E07000110 ,Maidstone,"10,390","10,874","10,399","8,920","8,858","11,206","12,231","12,011","11,330","11,665","12,577","11,877","9,919","8,535","9,299","6,662","4,629","4,400"
E07000111 ,Sevenoaks,"6,724","7,586","8,060","6,537","4,961","5,705","6,670","7,335","7,820","8,227","8,846","8,754","7,359","6,410","6,931","5,154","3,606","3,827"
E07000112 ,Folkestone and Hythe,"5,112","5,787","6,170","5,234","5,250","5,837","6,194","5,929","6,204","6,673","8,013","8,373","7,554","6,920","7,771","5,564","3,699","3,474"
E07000113 ,Swale,"8,896","9,437","9,544","8,183","7,962","9,417","10,477","9,960","9,253","9,401","10,590","10,703","8,942","7,645","8,331","5,837","3,837","3,262"
E07000114 ,Thanet,"7,334","7,967","8,301","7,144","6,744","7,748","8,535","8,251","8,082","8,489","9,762","9,975","8,998","8,474","9,281","6,764","4,472","4,267"
E07000115 ,Tonbridge and Malling,"7,681","8,532","8,719","7,547","5,834","7,127","8,064","8,308","8,700","9,444","9,859","9,407","7,673","6,346","6,826","5,129","3,643","3,362"
E07000116 ,Tunbridge Wells,"6,167","7,096","8,136","6,506","4,831","6,007","6,834","7,266","7,785","8,485","8,984","8,095","6,746","5,448","5,882","4,487","3,159","3,397"
E07000117 ,Burnley,"5,760","6,174","6,278","5,469","5,171","6,147","6,753","6,314","5,696","5,728","6,329","6,340","5,589","4,731","4,819","3,321","2,148","1,879"
E07000118 ,Chorley,"6,062","6,972","6,987","5,873","5,339","6,605","7,659","7,805","7,356","8,018","8,988","8,657","7,294","6,396","7,000","4,951","3,188","2,581"
E07000119 ,Fylde,"3,313","3,920","4,074","3,705","3,249","3,778","4,263","4,460","4,210","4,744","6,027","6,663","6,324","5,577","5,995","4,670","3,202","3,199"
E07000120 ,Hyndburn,"4,926","5,279","5,335","4,951","4,538","5,358","5,654","5,190","4,736","5,060","5,919","5,512","4,777","4,055","4,232","3,025","1,978","1,714"
E07000121 ,Lancaster,"6,741","7,459","7,557","10,707","12,778","7,978","8,250","8,434","7,694","7,899","9,503","9,785","8,802","7,722","7,955","5,742","4,016","3,910"
E07000122 ,Pendle,"5,952","6,553","6,766","5,769","5,223","5,593","6,430","6,515","5,861","5,888","6,272","6,145","5,544","4,803","4,951","3,302","2,165","2,025"
E07000123 ,Preston,"8,921","9,241","9,231","9,775","12,600","11,012","10,730","9,936","9,140","8,995","9,457","9,309","7,688","6,179","5,702","4,003","2,981","2,938"
E07000124 ,Ribble Valley,"2,633","3,045","3,674","3,255","2,714","2,891","3,244","3,234","3,332","3,983","4,983","5,134","4,588","3,760","4,047","3,035","2,080","1,926"
E07000125 ,Rossendale,"3,780","4,360","4,574","3,799","3,249","4,100","4,607","4,403","4,321","4,745","5,551","5,273","4,455","3,893","3,991","2,618","1,633","1,519"
E07000126 ,South Ribble,"5,501","6,347","6,467","5,682","5,191","6,158","7,073","6,691","6,612","7,398","8,313","8,472","7,097","6,318","6,740","4,761","3,311","2,903"
E07000127 ,West Lancashire,"5,246","6,022","6,538","8,897","8,100","5,883","6,486","6,270","6,140","7,060","8,489","8,931","7,646","6,655","7,050","5,269","3,662","3,086"
E07000128 ,Wyre,"4,890","5,577","5,977","5,653","4,755","5,481","5,852","5,766","5,489","6,356","8,004","8,783","8,361","7,560","8,419","6,304","4,563","4,155"
E07000129 ,Blaby,"5,708","6,226","6,137","5,323","4,801","6,107","6,913","6,830","6,359","6,615","7,356","7,141","6,337","5,378","5,770","4,242","2,973","2,709"
E07000130 ,Charnwood,"9,173","9,860","9,912","13,739","16,048","10,955","11,784","11,621","10,669","11,037","12,271","11,733","10,532","9,324","9,341","6,935","4,548","4,486"
E07000131 ,Harborough,"4,719","5,371","5,902","5,405","4,344","5,001","5,486","5,662","5,933","6,740","7,690","7,521","6,354","5,543","5,886","4,364","2,973","2,732"
E07000132 ,Hinckley and Bosworth,"5,686","6,350","6,454","5,581","5,037","6,611","7,197","7,114","6,728","7,383","8,538","8,259","7,291","6,616","7,160","5,185","3,392","3,057"
E07000133 ,Melton,"2,418","2,825","2,987","2,551","2,248","2,638","2,870","2,790","2,937","3,233","4,165","4,308","3,622","3,249","3,424","2,451","1,542","1,494"
E07000134 ,North West Leicestershire,"5,454","5,871","6,057","5,438","5,788","6,251","6,732","6,499","6,289","7,181","8,074","7,626","6,442","5,645","6,069","4,355","2,656","2,277"
E07000135 ,Oadby and Wigston,"2,863","3,506","3,480","4,227","2,926","3,165","3,486","3,545","3,492","3,449","3,861","3,920","3,524","2,987","3,051","2,381","1,849","2,035"
E07000136 ,Boston,"3,646","4,162","4,296","3,759","3,612","4,243","4,802","4,684","4,225","4,583","4,843","4,909","4,332","3,819","3,818","2,876","1,959","1,936"
E07000137 ,East Lindsey,"5,635","6,529","7,271","6,365","5,925","6,582","6,849","6,290","6,333","7,742","10,232","11,711","11,501","11,114","12,241","9,202","5,786","4,988"
E07000138 ,Lincoln,"5,119","5,394","5,272","8,835","13,598","7,943","7,663","6,530","5,833","5,612","5,969","6,019","5,021","4,120","4,001","2,807","2,029","2,048"
E07000139 ,North Kesteven,"5,531","6,613","6,641","5,901","5,497","6,617","7,081","6,927","6,542","7,471","8,984","9,054","7,606","6,666","7,625","5,827","4,088","3,405"
E07000140 ,South Holland,"4,733","5,141","5,192","4,548","4,548","5,245","5,838","5,515","5,340","6,056","6,931","7,161","6,177","5,615","6,228","4,547","3,231","3,076"
E07000141 ,South Kesteven,"6,752","8,131","8,855","7,368","6,110","7,516","8,056","8,145","8,444","9,514","10,855","10,902","9,637","8,589","9,108","6,854","4,403","4,165"
E07000142 ,West Lindsey,"4,403","5,273","5,307","4,671","4,089","4,797","5,088","5,147","4,985","5,734","7,185","7,563","6,926","6,323","6,668","5,048","3,192","2,754"
E07000143 ,Breckland,"6,785","7,671","7,720","6,660","6,737","8,105","8,496","7,808","7,734","8,564","10,069","10,527","9,297","8,782","9,702","7,252","4,892","4,673"
E07000144 ,Broadland,"5,936","6,840","7,158","6,322","5,533","6,488","7,153","7,413","7,569","8,608","9,887","9,959","8,786","8,162","9,241","6,866","4,968","4,833"
E07000145 ,Great Yarmouth,"4,953","5,364","5,677","5,109","5,026","5,711","5,982","5,595","5,321","5,967","7,128","7,349","6,629","6,160","6,613","5,016","3,185","2,963"
E07000146 ,King's Lynn and West Norfolk,"7,259","8,366","8,259","7,216","7,178","8,620","9,119","8,547","8,043","9,140","10,677","11,441","10,525","9,786","10,807","8,235","5,661","5,446"
E07000147 ,North Norfolk,"3,664","4,423","4,814","4,408","3,882","4,308","4,628","4,575","4,501","5,535","7,067","8,119","8,556","8,342","9,452","7,019","4,762","4,925"
E07000148 ,Norwich,"6,931","7,597","7,344","10,263","16,471","12,061","11,683","10,417","8,976","8,225","8,252","7,772","6,421","5,828","5,640","4,079","2,842","3,120"
E07000149 ,South Norfolk,"6,990","8,107","8,076","6,902","5,977","7,302","8,169","8,485","8,323","9,245","10,114","10,493","9,254","8,443","9,443","7,127","4,798","4,701"
E07000163 ,Craven,"2,349","2,721","2,982","2,611","2,304","2,562","2,791","2,771","3,006","3,526","4,488","4,723","4,464","4,112","4,215","3,139","2,071","2,092"
E07000164 ,Hambleton,"3,818","4,434","4,529","4,250","3,900","4,407","4,630","4,462","4,626","5,211","6,927","7,781","6,987","6,293","6,736","4,945","3,507","3,252"
E07000165 ,Harrogate,"7,287","8,394","9,739","9,674","6,466","7,902","8,685","9,271","9,717","10,725","12,698","12,922","11,161","9,468","10,227","7,443","5,484","5,404"
E07000166 ,Richmondshire,"2,325","2,538","2,678","2,898","2,726","3,104","2,780","2,733","2,489","2,820","3,615","3,781","3,634","3,141","3,265","2,287","1,610","1,352"
E07000167 ,Ryedale,"2,296","2,654","2,825","2,676","2,181","2,532","2,756","2,755","2,727","3,260","4,098","4,603","4,201","3,957","4,097","3,003","2,103","1,983"
E07000168 ,Scarborough,"4,713","5,251","5,555","5,229","4,664","5,484","6,035","5,528","5,238","6,277","7,702","8,738","8,454","7,814","8,296","5,915","4,040","3,803"
E07000169 ,Selby,"4,953","5,245","5,356","4,599","4,022","5,350","6,048","5,707","5,474","6,053","7,043","7,116","6,250","5,180","5,385","3,696","2,376","2,136"
E07000170 ,Ashfield,"6,778","7,703","7,562","6,547","6,451","7,851","8,632","7,979","7,477","8,055","9,469","9,248","7,666","6,617","6,703","5,300","3,424","2,839"
E07000171 ,Bassetlaw,"5,967","6,562","6,618","5,774","5,730","6,952","7,218","6,807","6,643","7,450","8,921","9,227","7,854","6,814","7,265","5,374","3,504","3,124"
E07000172 ,Broxtowe,"5,291","6,050","5,998","5,663","6,367","7,077","7,474","7,011","6,467","6,753","7,853","7,877","6,832","6,041","6,736","4,896","3,362","3,190"
E07000173 ,Gedling,"5,981","6,726","6,823","5,732","5,296","6,865","7,578","7,481","7,311","7,503","8,705","8,614","7,360","6,596","6,935","4,928","3,544","3,284"
E07000174 ,Mansfield,"5,960","6,589","6,560","5,353","5,506","7,187","7,915","7,657","6,555","6,766","7,945","8,157","7,028","5,907","5,715","4,321","2,783","2,576"
E07000175 ,Newark and Sherwood,"6,062","6,680","6,921","6,271","6,096","7,230","7,506","7,171","6,930","7,761","9,193","9,270","8,198","7,228","7,686","5,655","3,736","3,363"
E07000176 ,Rushcliffe,"5,851","6,862","7,323","6,394","6,309","6,122","6,789","7,363","7,767","7,992","8,685","8,585","7,294","6,452","6,868","5,179","3,512","3,734"
E07000177 ,Cherwell,"9,355","9,417","9,788","8,319","7,912","10,681","12,235","11,903","10,924","10,657","11,504","11,194","9,092","7,532","7,552","5,378","3,819","3,753"
E07000178 ,Oxford,"7,137","7,852","8,650","15,874","21,992","15,362","13,309","10,997","9,643","8,805","8,809","8,198","6,443","5,224","4,864","3,543","2,568","2,770"
E07000179 ,South Oxfordshire,"7,980","8,789","9,094","7,639","6,453","8,306","9,325","9,635","9,743","10,284","11,422","10,848","8,986","7,628","7,875","6,339","4,466","4,269"
E07000180 ,Vale of White Horse,"7,799","8,368","8,640","7,348","6,250","8,389","9,496","9,476","9,115","9,155","9,601","9,583","8,226","6,963","7,268","5,466","3,844","3,924"
E07000181 ,West Oxfordshire,"5,720","6,579","6,873","5,774","5,323","6,623","7,067","7,004","6,997","7,441","8,362","8,499","7,225","6,204","6,485","5,034","3,419","3,607"
E07000187 ,Mendip,"5,460","6,167","7,006","6,652","4,830","5,717","6,433","6,305","6,393","7,491","9,077","9,062","7,886","7,209","7,586","5,448","3,716","3,651"
E07000188 ,Sedgemoor,"6,000","6,934","7,241","6,408","6,098","6,940","7,429","6,969","6,717","7,628","9,237","9,597","8,333","7,630","8,239","5,991","4,056","3,896"
E07000189 ,South Somerset,"8,228","9,130","9,636","8,585","8,247","9,409","10,053","9,282","9,013","10,271","12,240","12,909","11,633","11,095","12,142","8,963","5,944","5,893"
E07000192 ,Cannock Chase,"5,566","5,696","5,682","5,093","5,245","6,708","7,084","6,431","5,646","6,442","7,793","7,484","6,095","5,322","5,341","3,993","2,671","2,227"
E07000193 ,East Staffordshire,"6,966","7,473","7,626","6,751","6,507","8,098","8,696","8,119","7,594","7,863","9,002","8,682","7,555","6,181","6,212","4,689","3,127","2,878"
E07000194 ,Lichfield,"5,229","5,654","5,794","5,371","5,055","5,967","6,060","6,024","6,086","6,936","8,093","7,922","6,714","6,161","6,953","5,824","3,658","2,933"
E07000195 ,Newcastle-under-Lyme,"5,793","6,509","6,509","7,646","8,578","6,857","7,558","7,177","6,885","7,533","8,847","8,755","7,914","6,842","7,279","5,320","3,772","3,525"
E07000196 ,South Staffordshire,"4,921","5,510","5,584","5,228","5,431","5,871","6,188","6,216","5,872","6,772","8,415","8,824","7,895","6,847","7,343","5,983","4,088","3,483"
E07000197 ,Stafford,"6,718","7,408","7,667","6,431","6,331","7,822","8,541","8,222","8,103","8,766","10,327","10,139","8,944","7,923","8,410","6,665","4,502","3,950"
E07000198 ,Staffordshire Moorlands,"4,072","4,790","5,173","4,746","4,120","4,602","4,993","4,991","4,906","6,093","7,791","7,609","6,841","6,331","7,002","5,240","3,512","3,033"
E07000199 ,Tamworth,"4,442","4,666","4,871","4,237","4,204","5,099","5,632","5,151","4,683","5,155","5,787","5,156","4,650","4,327","4,242","2,991","1,837","1,517"
E07000200 ,Babergh,"3,972","4,751","5,175","4,761","4,010","4,287","4,780","4,689","5,117","5,798","6,926","7,189","6,346","5,950","6,835","5,139","3,439","3,179"
E07000202 ,Ipswich,"8,326","9,049","8,797","8,059","7,969","9,889","10,819","10,166","9,413","8,920","9,236","8,606","7,382","6,273","5,990","4,261","3,152","3,335"
E07000203 ,Mid Suffolk,"4,497","5,193","5,587","5,227","4,629","5,450","5,740","5,524","5,475","6,441","7,627","8,045","7,286","6,739","7,294","5,228","3,459","3,256"
E07000207 ,Elmbridge,"8,347","9,863","9,937","7,435","5,134","6,008","7,483","9,187","11,247","11,289","10,609","9,743","7,651","6,259","6,295","4,722","3,479","4,066"
E07000208 ,Epsom and Ewell,"4,626","5,323","5,341","4,619","3,965","4,020","4,773","5,595","6,221","6,123","5,840","5,466","4,410","3,605","3,945","2,897","2,049","2,120"
E07000209 ,Guildford,"6,684","7,810","8,269","10,766","13,147","8,578","8,646","8,659","9,129","9,635","9,725","9,662","7,782","6,432","6,596","4,821","3,492","3,817"
E07000210 ,Mole Valley,"4,007","4,677","5,322","4,666","3,663","4,030","4,208","4,780","5,457","6,147","6,837","6,905","5,923","5,128","5,204","4,159","3,015","3,256"
E07000211 ,Reigate and Banstead,"9,045","10,020","9,876","7,666","6,539","8,436","10,445","10,925","11,064","10,729","10,570","10,363","8,452","6,812","7,063","5,104","3,570","4,167"
E07000212 ,Runnymede,"4,781","4,788","4,859","6,553","7,444","5,002","5,629","5,674","5,723","5,978","5,947","5,817","4,723","3,774","3,808","2,979","2,129","2,471"
E07000213 ,Spelthorne,"6,010","6,376","6,087","5,114","4,921","6,036","7,420","7,610","7,442","6,907","7,348","7,308","5,787","4,603","4,673","3,652","2,836","2,828"
E07000214 ,Surrey Heath,"4,478","5,346","5,761","4,865","4,231","4,894","5,446","5,763","6,083","6,613","7,038","6,694","5,432","4,428","4,566","3,562","2,522","2,731"
E07000215 ,Tandridge,"4,976","5,286","5,684","4,845","3,949","4,078","4,920","5,584","5,652","5,959","6,601","6,500","5,503","4,617","4,751","3,630","2,562","2,780"
E07000216 ,Waverley,"6,466","7,829","8,602","7,956","5,622","5,384","6,381","7,477","8,455","9,562","9,668","9,067","7,752","6,551","7,081","5,701","3,995","4,678"
E07000217 ,Woking,"6,215","6,745","6,787","5,314","4,890","6,396","7,326","7,883","8,179","7,648","7,143","6,733","5,475","4,487","4,452","3,233","2,354","2,684"
E07000218 ,North Warwickshire,"3,206","3,636","3,631","3,224","3,135","3,726","4,066","3,800","3,554","4,203","5,101","5,064","4,417","3,739","3,960","2,948","1,913","1,712"
E07000219 ,Nuneaton and Bedworth,"7,753","8,165","8,174","6,937","7,071","8,737","9,716","8,853","8,111","8,421","9,554","9,210","7,894","6,868","6,963","5,304","3,486","2,976"
E07000220 ,Rugby,"6,368","7,112","7,226","6,204","5,570","7,242","8,353","8,200","7,652","7,666","8,067","7,682","6,216","5,102","5,433","4,470","3,039","2,762"
E07000221 ,Stratford-on-Avon,"6,245","6,944","7,498","6,371","5,403","6,696","7,470","7,358","7,701","8,830","10,302","10,645","9,348","8,254","8,968","7,246","4,793","4,653"
E07000222 ,Warwick,"7,438","8,159","8,098","9,238","10,740","9,549","10,534","9,947","9,510","9,517","10,023","9,705","7,973","7,060","7,245","5,737","3,976","4,007"
E07000223 ,Adur,"3,192","3,909","3,810","3,196","2,668","3,152","3,666","3,939","4,131","4,496","4,659","4,527","3,960","3,594","4,023","3,121","2,297","2,204"
E07000224 ,Arun,"7,254","8,232","8,289","7,654","7,410","8,424","9,313","8,948","8,660","9,432","11,439","11,948","11,002","10,683","12,599","9,703","6,834","7,065"
E07000225 ,Chichester,"5,309","6,141","6,625","6,527","6,537","6,162","6,392","6,403","6,449","7,224","8,488","9,358","8,827","7,982","8,776","6,929","4,851","5,089"
E07000226 ,Crawley,"7,639","8,076","7,830","6,500","6,556","8,621","9,996","9,781","8,972","7,842","7,729","7,139","6,058","4,632","4,208","2,659","1,924","2,329"
E07000227 ,Horsham,"7,368","8,013","8,995","7,671","6,185","7,538","8,417","8,620","9,013","9,579","10,991","11,254","9,691","8,342","8,887","6,694","4,657","4,864"
E07000228 ,Mid Sussex,"8,315","9,382","9,744","8,011","6,373","7,665","9,183","9,915","10,493","11,041","11,377","10,699","8,877","7,874","8,231","6,419","4,270","4,697"
E07000229 ,Worthing,"5,448","6,114","6,297","5,440","5,193","6,236","7,118","7,018","7,132","7,591","8,151","7,920","6,729","5,843","6,627","4,851","3,631","4,001"
E07000234 ,Bromsgrove,"5,158","5,687","6,102","5,254","4,291","4,854","5,478","5,848","6,003","6,585","7,513","7,372","6,298","5,715","5,771","4,645","3,232","3,376"
E07000235 ,Malvern Hills,"3,114","3,945","4,385","4,254","3,285","3,458","3,729","3,715","4,104","4,754","5,976","6,523","5,998","5,439","5,978","4,502","3,184","3,143"
E07000236 ,Redditch,"4,992","5,402","5,373","4,627","4,486","5,738","6,418","6,039","5,851","5,543","5,802","5,556","5,054","4,807","4,681","3,165","1,886","1,619"
E07000237 ,Worcester,"5,281","5,837","5,977","6,293","7,439","7,137","7,438","6,877","6,512","6,652","7,368","7,074","5,696","4,988","4,879","3,574","2,498","2,354"
E07000238 ,Wychavon,"6,252","6,929","7,134","6,506","5,728","6,870","7,598","7,405","7,361","8,358","10,107","10,281","9,031","8,389","8,996","6,686","4,639","4,222"
E07000239 ,Wyre Forest,"4,807","5,541","5,607","5,012","4,668","5,429","5,880","5,564","5,459","6,376","7,687","7,536","6,377","6,291","7,206","5,613","3,511","3,045"
E07000240 ,St Albans,"8,659","10,327","11,081","8,258","5,944","7,431","8,670","9,823","11,554","11,766","11,247","9,979","7,937","6,435","6,558","4,872","3,668","3,960"
E07000241 ,Welwyn Hatfield,"6,626","7,279","7,087","8,071","10,576","7,796","8,170","8,273","8,011","7,498","7,714","7,598","6,330","4,889","4,692","3,511","2,728","2,988"
E07000242 ,East Hertfordshire,"8,316","8,931","9,811","8,193","6,972","8,865","9,599","9,654","10,125","10,979","11,392","10,990","8,944","7,136","7,471","5,220","3,722","3,841"
E07000243 ,Stevenage,"5,618","5,924","5,695","4,743","4,792","6,234","7,300","6,785","5,953","5,499","6,213","6,214","4,981","3,749","3,462","2,501","1,866","1,964"
E07000244 ,East Suffolk,"10,634","12,504","13,558","12,259","10,714","11,947","12,569","12,264","12,630","14,712","17,645","18,670","17,643","16,581","18,671","13,984","9,345","9,728"
E07000245 ,West Suffolk,"9,829","10,305","9,843","8,777","10,542","12,587","12,894","11,607","10,719","10,949","12,289","12,028","10,214","9,116","10,132","7,717","5,434","4,964"
E07000246 ,Somerset West and Taunton,"7,362","8,300","8,756","8,167","6,797","8,457","9,153","8,972","8,430","9,273","10,975","11,664","10,701","10,202","10,625","8,154","5,473","5,984"
E08000001 ,Bolton,"18,458","20,434","20,817","18,319","16,638","17,768","20,042","19,940","18,508","18,771","20,123","19,211","16,210","13,871","14,190","10,084","6,783","5,794"
E08000002 ,Bury,"11,159","12,490","12,851","11,232","9,545","11,534","13,477","13,360","12,075","12,486","13,444","13,460","11,289","9,429","9,970","7,011","4,814","4,224"
E08000003 ,Manchester,"34,378","36,561","36,344","42,418","61,887","52,583","47,999","42,050","35,778","31,067","30,370","26,693","21,642","16,482","13,817","9,206","6,689","5,973"
E08000004 ,Oldham,"16,005","17,445","18,068","16,254","14,133","14,975","16,720","16,194","15,093","14,846","16,038","15,057","12,646","10,819","10,640","7,589","5,351","4,215"
E08000005 ,Rochdale,"14,639","15,475","15,728","13,457","12,201","14,077","15,916","15,317","14,132","13,978","15,110","14,382","12,494","10,856","10,333","6,982","4,591","4,105"
E08000006 ,Salford,"17,257","16,713","16,059","15,494","22,657","26,435","24,441","20,471","16,344","14,980","15,436","15,047","12,666","9,681","9,972","6,887","5,003","4,378"
E08000007 ,Stockport,"16,575","18,057","17,927","14,763","13,367","16,943","20,058","20,399","19,504","19,188","20,562","20,457","17,701","15,298","15,653","11,483","8,579","8,262"
E08000008 ,Tameside,"13,666","14,701","14,873","12,451","11,907","14,952","16,564","15,739","14,375","14,666","16,604","16,298","13,758","11,251","11,556","7,972","5,333","4,403"
E08000009 ,Trafford,"13,466","16,009","16,431","13,210","10,531","12,567","14,902","17,337","17,379","16,493","16,465","15,918","13,052","10,824","10,664","7,917","6,048","5,837"
E08000010 ,Wigan,"17,782","19,247","19,786","17,446","17,057","20,834","22,855","21,674","19,645","21,435","24,984","23,248","19,734","16,908","18,340","13,482","8,463","6,410"
E08000011 ,Knowsley,"9,735","9,489","9,162","8,390","8,578","10,619","11,687","10,318","8,538","8,787","10,727","11,738","10,509","8,213","6,899","4,415","3,509","3,206"
E08000012 ,Liverpool,"26,372","26,726","25,244","33,846","49,337","38,082","37,314","33,138","27,773","26,579","29,155","30,659","27,542","22,421","19,994","13,260","9,991","8,656"
E08000013 ,St. Helens,"9,659","10,346","10,622","9,391","9,369","11,521","12,258","11,713","10,702","11,816","13,433","13,290","11,486","9,968","10,529","7,552","5,208","4,385"
E08000014 ,Sefton,"13,508","15,071","15,295","14,031","13,500","15,234","17,140","16,833","15,554","16,701","20,110","21,679","19,815","16,889","16,496","12,436","9,591","9,351"
E08000015 ,Wirral,"16,316","18,798","19,251","16,997","15,076","17,866","19,756","19,223","18,369","19,757","22,943","23,934","21,519","18,918","19,103","13,376","9,714","9,280"
E08000016 ,Barnsley,"13,463","14,366","14,350","12,256","12,450","16,132","16,817","15,687","13,825","15,345","18,720","17,962","15,603","13,400","13,063","9,540","6,225","5,371"
E08000017 ,Doncaster,"16,942","18,119","18,622","16,136","16,214","20,190","21,851","20,113","17,979","18,704","21,803","22,003","19,576","16,540","16,319","11,512","8,028","7,453"
E08000018 ,Rotherham,"14,645","15,980","16,540","14,472","14,098","16,400","18,027","16,999","15,280","16,660","19,466","18,603","16,408","14,031","14,211","10,626","7,236","6,124"
E08000019 ,Sheffield,"30,179","32,018","32,049","37,455","50,872","40,536","38,867","35,034","32,143","32,238","36,319","34,488","29,508","24,795","24,618","18,881","13,749","12,776"
E08000021 ,Newcastle upon Tyne,"15,651","16,704","16,404","23,355","36,645","23,390","21,246","19,594","16,944","16,060","16,761","17,360","15,496","12,675","11,788","7,863","5,973","6,216"
E08000022 ,North Tyneside,"10,991","11,939","12,153","10,369","9,510","12,212","13,855","14,318","13,643","13,627","14,637","15,220","13,596","12,153","11,820","7,837","5,645","5,443"
E08000023 ,South Tyneside,"7,823","8,468","8,632","7,480","7,287","8,670","9,857","9,376","8,462","8,751","10,428","11,229","10,476","8,775","8,374","5,554","4,300","3,835"
E08000024 ,Sunderland,"13,849","15,239","16,033","14,645","15,142","17,023","18,044","17,055","15,654","16,829","19,447","20,034","18,912","16,103","15,496","10,223","7,706","6,738"
E08000025 ,Birmingham,"75,023","81,270","83,057","86,440","93,243","82,593","84,846","80,630","73,996","68,054","69,954","62,684","52,641","42,584","37,345","28,072","20,959","21,527"
E08000026 ,Coventry,"20,442","21,965","22,106","25,408","31,584","24,485","25,545","24,075","21,768","20,260","21,445","19,610","16,318","13,385","12,665","9,973","7,217","7,073"
E08000027 ,Dudley,"18,176","19,775","19,307","17,772","17,011","20,446","21,361","20,213","18,881","20,147","23,470","22,233","18,638","16,818","17,002","13,813","9,656","8,769"
E08000028 ,Sandwell,"22,176","24,566","24,356","22,002","20,370","22,516","24,916","24,540","23,228","22,299","23,076","20,848","17,234","13,857","12,657","9,676","7,151","6,364"
E08000029 ,Solihull,"11,693","13,771","13,604","11,807","10,755","11,978","13,028","13,143","13,052","13,766","15,629","15,435","12,978","10,947","12,069","9,410","6,473","6,700"
E08000030 ,Walsall,"18,193","19,549","19,565","17,295","16,160","17,967","19,646","19,009","17,370","17,300","19,166","18,006","15,436","12,895","12,511","9,889","7,450","6,717"
E08000031 ,Wolverhampton,"16,325","17,727","17,997","15,355","15,790","17,082","18,875","18,354","17,381","16,966","18,110","16,435","14,047","11,845","10,762","8,134","6,260","6,281"
E08000032 ,Bradford,"36,096","39,556","41,350","37,779","33,135","34,549","38,010","38,239","35,649","33,814","34,274","32,184","28,775","24,124","22,373","14,403","11,191","10,911"
E08000033 ,Calderdale,"11,317","12,803","13,313","11,602","10,125","11,990","12,930","13,033","12,652","13,787","15,757","15,082","12,930","10,871","11,088","7,658","5,030","4,663"
E08000034 ,Kirklees,"25,144","27,644","28,614","26,867","25,844","26,445","28,424","28,156","27,197","28,057","30,860","28,623","24,526","21,033","21,428","14,857","10,289","9,206"
E08000035 ,Leeds,"46,800","49,614","48,157","51,822","70,459","60,621","60,646","56,601","51,649","49,123","50,807","48,187","40,700","33,690","34,308","23,961","17,599","17,208"
E08000036 ,Wakefield,"20,074","20,994","20,831","17,865","18,002","23,666","25,308","23,648","20,726","22,770","26,331","24,998","21,550","18,401","18,526","13,240","8,870","7,570"
E08000037 ,Gateshead,"10,053","11,070","11,233","10,074","10,411","12,731","13,142","12,973","11,897","12,060","13,936","14,243","12,555","10,616","10,743","7,357","5,846","5,211"
E09000001 ,City of London,213,159,174,216,965,"1,213","1,002",726,547,544,640,517,458,393,318,210,164,121
E09000002 ,Barking and Dagenham,"17,251","18,331","18,229","15,125","13,240","15,216","18,055","18,638","17,075","14,930","13,835","11,326","8,586","5,945","4,779","3,237","2,582","2,489"
E09000003 ,Barnet,"24,106","25,249","25,807","21,464","22,395","28,041","30,175","30,789","30,090","27,467","25,645","22,874","19,137","15,447","14,360","10,463","7,341","8,493"
E09000004 ,Bexley,"15,031","16,195","16,439","14,113","13,507","14,878","17,109","17,713","17,132","16,014","17,265","16,608","13,576","10,655","10,539","7,755","6,010","5,933"
E09000005 ,Brent,"19,970","19,833","20,871","20,622","24,589","29,313","29,847","27,687","25,358","23,119","22,782","19,880","16,388","12,298","9,610","6,988","5,478","5,181"
E09000006 ,Bromley,"19,491","20,627","20,924","17,215","14,676","18,324","22,426","24,791","25,042","23,699","23,929","22,347","18,257","14,483","15,370","11,232","8,139","9,017"
E09000007 ,Camden,"10,032","9,873","10,388","13,743","20,165","22,002","20,541","16,548","14,500","13,360","13,267","11,746","9,141","7,123","6,543","4,830","3,270","3,063"
E09000008 ,Croydon,"25,171","24,992","25,426","22,344","21,620","27,530","31,611","31,152","28,619","25,961","27,113","25,773","20,331","15,252","13,770","9,738","7,206","7,107"
E09000009 ,Ealing,"21,515","22,245","23,648","21,801","22,627","28,899","30,776","30,770","29,664","26,382","24,748","21,933","17,645","13,586","11,394","7,967","5,998","5,517"
E09000010 ,Enfield,"21,259","22,750","24,107","21,338","19,116","21,177","23,126","23,979","24,572","22,730","22,648","21,110","17,059","12,789","11,159","8,153","6,490","6,422"
E09000011 ,Greenwich,"19,027","18,782","18,206","15,895","18,363","24,716","27,868","25,778","22,961","19,568","19,026","16,125","12,530","9,325","7,975","5,628","3,775","3,523"
E09000012 ,Hackney,"16,135","15,159","15,419","14,124","18,593","31,532","31,947","23,610","18,636","15,466","14,570","13,346","10,104","7,016","5,458","3,417","2,384","2,230"
E09000013 ,Hammersmith and Fulham,"9,075","8,824","9,007","8,205","16,960","23,401","19,387","14,800","12,848","12,174","11,896","10,240","7,354","5,731","4,986","3,539","2,540","2,190"
E09000014 ,Haringey,"14,932","14,743","15,574","14,571","16,363","24,001","25,900","23,605","21,153","19,172","18,521","16,097","11,896","8,821","7,148","4,886","3,640","3,217"
E09000015 ,Harrow,"15,699","16,133","16,481","15,042","15,132","18,467","20,458","21,133","19,927","17,003","16,344","15,355","13,850","11,515","9,895","7,361","5,729","5,679"
E09000016 ,Havering,"16,491","16,862","15,965","14,367","14,104","16,939","19,291","19,189","17,440","16,213","17,371","16,958","14,751","11,868","12,125","8,726","6,418","6,974"
E09000017 ,Hillingdon,"19,881","20,469","19,995","18,556","19,812","20,770","23,680","24,925","23,462","20,284","19,897","18,124","14,881","11,661","10,449","7,388","5,766","5,909"
E09000018 ,Hounslow,"18,221","19,107","18,658","16,174","16,756","20,808","24,910","25,902","24,158","20,904","18,942","16,370","13,322","10,566","8,904","6,131","4,358","3,991"
E09000019 ,Islington,"11,211","9,975","9,957","10,635","18,476","28,750","27,313","19,005","14,801","12,604","12,896","11,828","8,815","6,432","5,395","3,594","2,554","2,346"
E09000020 ,Kensington and Chelsea,"6,171","6,364","6,484","6,707","12,202","13,065","12,077","10,568","9,588","10,199","11,082","10,440","7,828","5,854","5,470","4,022","2,794","2,461"
E09000021 ,Kingston upon Thames,"9,559","10,512","10,586","9,450","11,155","10,986","12,285","12,980","13,492","12,690","11,634","10,188","8,221","6,726","6,601","4,550","3,178","3,268"
E09000022 ,Lambeth,"15,265","14,940","15,485","14,934","26,755","45,337","36,561","26,433","22,440","20,415","20,468","18,187","13,171","8,978","6,858","4,638","3,622","3,164"
E09000023 ,Lewisham,"19,127","18,172","17,580","15,670","18,810","27,583","30,848","27,506","23,748","20,780","19,991","18,588","13,504","9,005","7,087","5,045","3,919","3,588"
E09000024 ,Merton,"13,532","13,300","13,169","10,678","11,167","17,211","19,143","18,954","18,119","15,525","14,482","12,585","10,251","7,879","7,104","4,760","3,741","3,587"
E09000025 ,Newham,"23,854","23,326","23,295","22,154","28,285","36,033","36,701","32,529","27,396","22,767","20,460","16,301","12,769","9,104","6,294","4,000","3,183","2,585"
E09000026 ,Redbridge,"21,194","21,733","21,425","19,315","18,967","21,735","24,904","26,228","24,784","21,114","19,420","17,007","14,501","11,275","9,634","6,645","5,159","5,219"
E09000027 ,Richmond upon Thames,"11,103","12,812","13,228","10,150","8,230","9,954","12,097","14,342","16,358","16,248","15,406","13,655","10,248","8,354","8,732","6,158","4,064","4,140"
E09000028 ,Southwark,"16,362","15,893","16,223","16,198","25,476","38,265","34,959","26,535","21,854","19,915","19,558","17,569","13,146","8,399","6,670","4,350","3,274","2,989"
E09000029 ,Sutton,"12,796","14,250","14,369","11,341","9,943","12,473","14,727","16,649","17,126","15,263","14,718","13,594","10,650","8,613","8,356","5,902","4,303","4,566"
E09000030 ,Tower Hamlets,"19,090","17,656","17,395","18,367","31,989","44,477","40,704","29,776","22,639","17,542","13,920","10,835","8,444","6,045","4,335","2,797","2,227","2,068"
E09000031 ,Waltham Forest,"18,985","17,441","16,613","15,142","15,573","22,541","28,537","27,085","23,103","19,344","18,131","15,456","12,077","8,796","7,202","5,089","3,874","3,435"
E09000032 ,Wandsworth,"18,704","16,908","15,678","13,081","23,844","47,659","38,464","29,292","24,588","20,817","18,802","16,224","12,112","9,099","8,282","5,724","4,208","4,021"
E09000033 ,Westminster,"8,502","7,877","8,637","10,649","19,329","23,253","20,913","16,091","14,061","13,755","14,381","12,427","9,580","7,309","6,336","4,742","3,277","3,116"
W06000001 ,Isle of Anglesey,"3,211","3,861","3,971","3,404","3,055","3,309","3,696","3,452","3,485","4,028","4,948","5,209","5,044","4,757","5,037","3,716","2,521","2,174"
W06000002 ,Gwynedd,"5,348","6,249","6,521","7,021","8,545","6,518","6,608","5,914","5,903","6,839","8,076","8,533","8,046","7,095","7,301","5,426","3,646","3,804"
W06000003 ,Conwy,"5,030","5,898","6,263","5,503","4,993","5,563","6,160","5,864","5,686","6,627","8,243","9,015","8,523","7,875","8,494","6,207","4,305","4,490"
W06000004 ,Denbighshire,"4,769","5,339","5,664","5,160","4,499","5,089","5,125","4,891","4,943","5,750","6,878","7,310","6,653","6,064","6,625","4,803","3,257","2,998"
W06000005 ,Flintshire,"7,626","8,666","9,351","8,134","7,442","8,927","9,732","9,419","8,897","10,059","11,829","11,656","9,997","8,648","9,638","6,634","4,553","3,754"
W06000006 ,Wrexham,"6,998","8,006","8,248","7,290","7,000","7,910","8,667","8,738","8,125","8,735","10,127","9,604","8,282","7,450","7,601","5,502","3,532","3,299"
W06000008 ,Ceredigion,"2,709","3,288","3,424","4,792","6,366","3,652","3,455","3,268","3,170","3,707","4,752","5,364","5,140","4,930","5,012","3,718","2,379","2,349"
W06000009 ,Pembrokeshire,"5,583","6,731","7,139","6,245","5,621","6,279","6,628","6,279","6,229","6,953","8,655","9,631","9,045","8,620","8,825","6,540","4,315","4,042"
W06000010 ,Carmarthenshire,"9,057","10,274","10,970","9,909","8,820","9,961","10,731","10,431","10,178","11,193","13,181","14,322","13,403","12,413","12,190","9,233","6,014","5,617"
W06000011 ,Swansea,"11,427","13,016","13,685","14,451","19,157","14,232","15,073","14,511","13,837","14,021","15,662","15,995","14,545","12,704","13,139","9,559","6,853","6,623"
W06000012 ,Neath Port Talbot,"7,045","7,973","8,409","8,854","7,668","8,340","8,840","8,754","8,206","8,439","9,779","10,331","9,519","8,364","8,250","5,867","3,978","3,674"
W06000013 ,Bridgend,"7,343","8,424","8,601","7,623","7,458","8,769","9,904","8,900","8,571","9,257","10,678","10,703","9,162","8,071","8,172","6,084","4,209","3,561"
W06000014 ,Vale of Glamorgan,"6,851","7,913","8,250","6,942","6,040","7,174","7,912","8,126","8,128","8,267","9,180","9,484","8,682","7,798","7,830","5,741","3,921","3,702"
W06000015 ,Cardiff,"19,069","21,504","21,509","26,433","37,885","29,300","27,006","24,911","22,262","20,234","21,062","20,606","18,030","14,807","14,068","9,590","6,917","7,117"
W06000016 ,Rhondda Cynon Taf,"12,531","14,031","14,519","13,429","14,320","14,738","16,093","15,213","13,578","14,681","16,651","16,793","14,451","12,821","13,213","9,305","6,120","5,166"
W06000018 ,Caerphilly,"9,216","10,412","10,813","9,592","9,058","10,676","11,581","11,240","10,575","11,018","12,649","12,716","10,989","9,852","10,029","7,058","4,651","3,820"
W06000019 ,Blaenau Gwent,"3,543","3,731","3,796","3,318","3,530","4,416","4,590","4,022","3,688","4,138","5,079","5,162","4,364","3,699","3,826","2,769","1,797","1,432"
W06000020 ,Torfaen,"5,002","5,432","5,625","4,887","4,696","5,841","6,274","5,743","5,172","5,359","6,376","6,810","5,902","5,232","5,222","3,808","2,528","2,367"
W06000021 ,Monmouthshire,"3,962","4,641","5,156","4,571","3,869","4,496","4,731","4,903","5,035","5,812","7,262","7,817","6,662","6,193","6,404","4,890","3,290","3,263"
W06000022 ,Newport,"9,733","10,336","10,215","8,673","8,737","11,062","12,540","11,147","9,947","9,713","10,776","10,675","8,978","7,276","7,254","5,350","3,754","3,426"
W06000023 ,Powys,"5,731","6,542","6,994","6,419","5,697","6,508","6,723","6,481","6,401","7,753","9,713","10,677","10,410","9,824","10,053","7,528","5,022","4,692"
W06000024 ,Merthyr Tydfil,"3,301","3,659","3,579","3,120","3,216","3,694","4,146","4,024","3,336","3,494","4,123","4,258","3,780","3,148","3,156","2,169","1,432","1,205"
